{
  "val_accuracy": 0.9715639810426541,
  "val_f1_macro": 0.9709008502700065
}